"Name","Email","Password","Phone","Address","City","Zip","Country","CC","CVV","Balance"
"Genevieve","interdum.feugiat.Sed@consectetuercursuset.co.uk","dd0e2dcd5315052d102b4fd66195d11ebeb9f974ea283c980334c2c45d8b34af","1-563-526-9286","Ap #626-2928 Tellus. Street","Stourbridge","80992","Hungary","a70da80b21e6cea11931ecd68b9db82ce9b3320ab05989e7ce8af473d2f1a9bc","990","$5,978 "
"Coby","nascetur.ridiculus@scelerisqueneque.ca","b3e3a93595b3ee885b9a055b1fb69590c983f3d4043c14432554ba9c1ebb8c9a","1-848-868-5382","3518 Hymenaeos. Avenue","Ettelgem","84937-768","France","4556eda9be87ef0071cb4b0ea7838986ce2f81d77c1fe00af43b15c6a44932f7","524","$9,644 "
"Tallulah","eget@ornareplacerat.edu","039fa900efab345386b625ad55595a070f139f698f2455f013e36874e5de9a6c","1-571-356-2551","P.O. Box 942, 4741 Interdum St.","Lavoir","48853","Bhutan","aada04b173c81e82a6280611dc3c15eb03e0f0080b546944b70d8aedf035d039","887","$2,159 "
"Rebekah","Donec.egestas.Aliquam@sollicitudincommodoipsum.edu","169c9faf696ba66f8d8cd113f11fcf3e9d7af3783e1d0ca15448af82ecd133df","1-469-587-0536","Ap #386-7553 Sed St.","Tredegar","836468","American Samoa","2afc77172a02cd19717617a357616cd61efc1628a654abee0786c883d241f31b","991","$1,449 "
"Branden","Integer.aliquam@et.org","759a80c7e4b00012447d512b17f54c4b6ddf4b7a20e1382bb48a6d93a0ba28c0","1-727-986-8958","P.O. Box 228, 2454 Urna Rd.","Kinross","71204","Cayman Islands","39f0458baaba56fcbcb952a7b68442e013d8636933ca8c0fc4cedafad2e7541e","841","$4,447 "
"Rahim","volutpat.Nulla.dignissim@a.org","3b3573177dd9ec58e546e4c2eb39c80df8e8fa742bb0a687ba0b1e84a0c21836","1-363-740-9097","Ap #683-4934 Luctus Street","Kungälv","6451 KR","Tajikistan","827c471347723cf0d6aa0b71f088ab4eac85febb23a21aa6c51dca6d7ccb0dd7","656","$3,548 "
"Nolan","vestibulum.massa@Fuscedolor.ca","2975b27c9cfb02ffbfd7c70c60e189608bf2f9b4612040142b6fb54a0a994d04","1-629-297-1680","P.O. Box 283, 6402 Mauris. Street","Augusta","95650","Barbados","d94da60f3ac34c43b6f55cbd6ec7ecdc3978db3c844703fc7ee8de536e834539","984","$2,292 "
"Bryar","elit.Curabitur.sed@nec.com","2ebdab7e47aaaf4a04a74cb3022359d310c4a7a8ac7f97672850430c70978aff","1-870-204-8200","Ap #661-9936 Arcu St.","Dunbar","50288","Afghanistan","dee4acf862fb9f71ad3829a19cea7a6d1aa48b2be75218d7ced23f2cd4c953b1","868","$5,032 "
"Gail","et.malesuada.fames@aliquet.com","d5339fb6496ef4fa800c01798a780c2b5e1e6a0171ffe637a9f9260e595409f5","1-246-506-8338","P.O. Box 599, 4551 Iaculis Avenue","Villers-Perwin","4595","Tajikistan","0fc24e1ba0436fb2899e3140d27fe959e29a692426e538817d77e538678d9eb7","514","$8,879 "
"Damian","pharetra@Craspellentesque.net","cd205f739df01db498b44cae9ce3feba5df4fec4649e681b005e6576d6673592","1-211-171-9066","387 Dolor. Av.","North Shore","0651 OB","Haiti","6835b37dca0d87957e076c4d502e817ed9d84b75886a203103ef4c85091fc06e","881","$6,258 "
"Caldwell","metus.Vivamus@ullamcorper.org","441b5efbd7575662dcc7d28c84f31e86bbdb93d367fa6e41543b42a339489d81","1-970-181-2729","P.O. Box 742, 3563 Cursus St.","Murray Bridge","40815","Turkmenistan","9ae9d722806455d81ac083946d666a7d8a3af2f5749bc4bb6612db65a9214acb","952","$2,166 "
"Perry","Curabitur.sed.tortor@ornare.com","677b70115cf4953c503c3878f9e9ec0bd4f2b4dfb9d09c69c64227b40206ae50","1-408-795-3448","P.O. Box 437, 3281 Eu Rd.","Moulins","P3X 1V1","Portugal","5a8e4e64979107d9fb19f4e9e5283f19e3445ba6a1b41cf6370399eab9e34dd6","276","$6,097 "
"Joan","cursus.non@ac.org","3d3c4ef94b40f4bafb7edc97ec9e7be0a130a500e621491804f9e8822333cbe7","1-417-554-9271","Ap #868-5895 Egestas Road","Fraser-Fort George","1680","Belize","986e70a31ef4065528f92e3e7e4c3155c95f0369792d51e64a859cf44c7f643e","840","$6,420 "
"Gemma","at.pede.Cras@ultricesmauris.ca","a867ffc67daec6bb370b229cdd6d716abab416b7b563e5e294ad26cdf44429f8","1-476-930-0308","248-7577 Mi Av.","Vanderhoof","426795","Brunei","6795dc43af0ea2d67176ecc73cfba860c3cb9af013996a26e3a6ca2312f58f35","630","$1,960 "
"Nerea","nibh.sit@arcu.ca","e0d945e1deefbaa2720d90245c593d06261e940e0992aac27509d8fe508571ca","1-455-848-6161","P.O. Box 306, 8301 Erat. Av.","Avise","7695","Andorra","f053914d7ef28eed4096a52d5bbbfbcdbceb607fd4344c8b9fa41377e464153e","890","$4,190 "
"Ferdinand","interdum.libero.dui@lacus.net","78cfd18dd5c38df1800dcb18f316a006200da5848b564baa2c6a42dba10d6cb1","1-516-975-4346","P.O. Box 488, 3076 Et, Av.","Ville-en-Hesbaye","9152","Maldives","6ef37346c25e4d16c8b52e866809f90dc5583cba81e0cc6d0efc7efca3fb9f87","307","$8,827 "
"Hanae","vestibulum@Proineget.ca","de8e525445c14448fa242370b2a0062c35812ea4e230f5a8f84efdf921abefb4","1-364-248-8463","611-5805 Blandit St.","Bocchigliero","70314","Czech Republic","8d2b31dd67bdb835a66076b38bc7e26a9a3ef061ab184f18cfe19c548d6410e1","142","$5,931 "
"Walter","Donec@rhoncusidmollis.com","5c4fca83b9dd5950883667bd99a77e65f348bf3b30eb3141b11b90f7cb65593f","1-707-545-6588","330-7153 Leo Avenue","Schellebelle","5682","Bhutan","0626c479f9188b0dead3fd9f46a3b132973a9aea68f284fba8f61a34c009ee7c","707","$7,916 "
"Acton","cursus@Nulla.net","d42ff65f8cd34e20afff18617fe73c44c41f3749f41530b056db41cf4d0c6857","1-807-527-4643","2584 Donec Street","Camaragibe","51-922","Mauritania","2c2e07fed65c1569bd77b5e4302be506b7dd5a96d9f189cb8b4411559cfdc375","309","$8,835 "
"Galena","mi@egestasblanditNam.com","f01bcb651adadb260ebedb4c0358856c255474ee2c7b5ddb8337d17f13e321ff","1-955-504-2661","P.O. Box 294, 3923 Lobortis Street","Auburn","11202","Curaçao","c5ef0d366e69f27336e161ebc75264375414f1dc79a3cfc29be2b3634185f789","210","$8,904 "
"Abra","dictum.eu@ornarelectus.ca","d7879fddfe7d97204c4d9f07943736a3e5643016241bf905f19f470a66e8e352","1-238-738-9806","4699 Ornare Rd.","Warwick","36785","Romania","024547be0c50c97900a01f1bb6496204de079a488f80893683580fdb9809a989","120","$8,472 "
"Peter","commodo@ipsumprimis.net","53c0234ff2d84fbb317430bd20ea2af953323d0dcb9d657169c431df73410542","1-676-525-2682","P.O. Box 379, 3724 Sed Rd.","Limbach-Oberfrohna","D8 3JA","Wallis and Futuna","c0ec0e84ae9191e99d89bd34dbacaa0da71deb99d5165c1e5a905545ea669013","459","$5,154 "
"Barrett","dignissim@magnisdis.net","f75782e3215b89fa72433afd9c3e455af28b65a859e1f8f02561f84cfd1e8ec0","1-821-557-8498","P.O. Box 937, 7185 Praesent Rd.","Blankenberge","M9X 8M7","Nauru","f076d07a42c20e33d78e3a3f608f685559f4467082051b87d0d432d0330e4a0c","172","$9,938 "
"Hakeem","Mauris@ante.co.uk","ef6637ec89565f5ccd7990da203eaa111a79bf6cd2b89e8886a6923da88a20ff","1-598-975-4930","3832 Donec Ave","Nanterre","905931","Portugal","0ee9aed17e1417c72790f0141fed850b06ec5ce04d7d5f659e6b25a9898a5a48","865","$7,287 "
"Carlos","ante@sagittis.co.uk","5cdc38ef981adb683b86350edab2bfc35da1ad30dc038c4b8774e98fd744a898","1-645-732-4430","652-4687 Egestas. Avenue","Bella","K8B 8Y8","Andorra","dfa836a6eca7e302a732ac7b65b7ca1c9848653c1119b483c8c02c0edf708bce","738","$8,266 "
"Darryl","risus@malesuada.net","7afc902912df035829741f4ad74b5903daac7b643b0d6f8d7015c71c70df18da","1-307-319-5233","8320 Parturient St.","Paraíso","3505","South Africa","d117881cdfb714f7538e4df540ac29e27a45154dfbdaa156a5f6d600ec8eef50","621","$4,606 "
"Tobias","risus.at.fringilla@cubiliaCuraeDonec.com","e0c5276a3e7c99d43bc09b18ce79366a25ab86b8334ed9d167906930a98b3880","1-388-367-7778","Ap #555-6166 Luctus St.","Sissa","938130","Zimbabwe","98ab8ca356b1de58bcd0ca63c8d27ff6d4cf284b14178cbc97656df017340ba4","915","$6,135 "
"Samuel","congue@Donecegestas.edu","3c00b27145475cb9890463723a8bb09bca8a7e87d26cb5e2a270ee81c5e3c4c7","1-965-233-0646","224-7185 Sed Road","Krems an der Donau","1151","Mayotte","91d540aa074408ff0dd75445abd3c164420f911e9eb0225f7051a2e7c513a29c","792","$9,819 "
"Benjamin","Morbi.vehicula@dignissimMaecenasornare.ca","2d62f49b413e0d96ed00d2467fcdd3f3a5be7b7d33f03519e550626ef3d45edb","1-750-716-4413","773-6981 Magna. Rd.","Bowden","13224","South Africa","0b10bcd84cc35f6c88907a857afc4dd3774b8b2f0a8ad471f18ea3d2f49ded6d","760","$9,806 "
"Bevis","in@egetodio.co.uk","3631c93ebab9d5c4684bbba4d7a41a2d074b691b1c6f304cf0194039995a0e66","1-359-779-8078","1963 Dapibus St.","Adana","81-490","Bulgaria","ecb15af36a151125f0374261febbd4935a14cfc1bdc9bdb014708282319a040f","860","$5,932 "
"Haley","vitae.velit.egestas@eunullaat.co.uk","bacadc81958533cb29a344c3093151211962da9d71855272855fbd5021b12ad7","1-992-254-7284","P.O. Box 375, 928 Magna, Ave","Laval","42040","Cape Verde","464e0bcbb2c68ac2b46a232d41632a5d856ec5601dc27a9417eeb24eeb269bc3","286","$4,434 "
"Mechelle","nibh@etmalesuada.org","b7a269484d9cf33b3fd491c6d74db7ced4a3c8d3e89042d9931b010d0150f00b","1-310-177-7517","P.O. Box 759, 2677 Tellus. Avenue","Montecarotto","EK5 8ET","Iraq","10a96907b15ac59f305b9f1f68033520472c9f3cba91a89a16af6e9a7d23fd37","844","$3,204 "
"Caesar","sem.Pellentesque.ut@sit.net","1ea99c71f5f15643a8e7062fdba1eb7079bbc47d11804acbe6f7b1df6c2c3123","1-162-809-8475","Ap #268-1751 Vitae Road","Hartford","3230","Myanmar","5d5b636e7679107d2940f156059295240bdf284abc61f421059f6d956db7301b","229","$7,539 "
"Shaine","egestas.Duis@velit.org","0127fbcc143a0c1c3f4106f2db0d7d53e1f320d512cf2aff1e96f16bf9b71284","1-853-736-6580","P.O. Box 522, 7945 Risus Street","Calais","I22 0QX","Guinea","bacd99fa3763759ef7e3667244dbf19927d9afe9cfeff81d830993fb3ab225d7","841","$7,180 "
"Willow","a.odio.semper@scelerisque.com","ad81f0f398522e54148134bb6cf3698e585c980bc1da97ad27c881c725caac1c","1-173-262-0563","347-8958 Urna, Rd.","La Baie","0497 IN","Romania","87754679015a923ba6f704abb0a5ace663dfa2f425aeda94752417dd0acef605","704","$4,492 "
"Maxine","malesuada.fames.ac@imperdietnon.co.uk","76d1205ddb256d8a4e6226832e784c6d5b80bf72ea0533ea9bbe437951af23f3","1-813-995-8664","P.O. Box 482, 170 Lorem Rd.","Ferlach","69091-462","French Polynesia","8d901d7e6aff6c3bbb0afa5e822b08d7b326118c7eec5b255cd151b91a344589","862","$8,686 "
"Stuart","enim.mi@scelerisque.com","be0705897d8e12a91d75659116e3f921accaacb504f469115eaca7620bb8a4d5","1-602-305-4386","222-613 Mauris Rd.","Haren","G1Y 8P3","Cocos (Keeling) Islands","037d768252c9fd225b98e79720c1dc9eec3de10debc8d5968bf6d47af5ba89c7","705","$8,382 "
"Dean","neque@dolorsitamet.net","e429efa8b90053c95c72c1e0c1d59013d37a7ac242cb5907e7088baf5dfd128a","1-117-937-7530","P.O. Box 698, 4216 Gravida. Avenue","Kieldrecht","7085","Chile","165f2f318acaae40c37ea1d7f620307223edbb8c12a346eec53b712a460a3feb","478","$3,191 "
"Ethan","dui.in@faucibus.edu","838c1d96516a3afbfcca4f197a82cb0e7912e713261c73cc2852f71671fc225b","1-954-471-3951","Ap #736-7881 Enim Ave","Bayonne","7533 AB","Albania","911d7d4e360727a642e7ee1230aa18aafe8abb012e945fbecd2b0e3b1a82aaa0","192","$1,317 "
"Demetrius","massa@Nunclaoreetlectus.edu","6a1d027bc1e0df3c4580544903ad6d4dd6f4340ff964fdb1bd3e77ee5d4d0a4a","1-222-248-8419","Ap #588-7401 Faucibus Rd.","Ceppaloni","34251","Kenya","f717089968138525f616822af97681a52ae0195dc73fc4e8db3623eb572eb553","445","$8,420 "
"Madeline","eu.tellus.eu@pharetrased.org","aa64d10a9efb91731d5f47497c1a0070b64cd2862f923196496d956a2a3cb9a8","1-587-464-0121","P.O. Box 413, 4387 Phasellus Ave","Covington","612808","Maldives","2a49e1a4c5db969d1d471c3ac7b37624d8a77a0113be40132e02e4b76f624e11","839","$9,935 "
"Kristen","Cras.interdum@sapien.co.uk","10d6916e37023681dd46a807ea9aba9382bec583da3511ecca29f1f222e196e7","1-828-314-7490","184-3101 Egestas Street","Lerum","8143 RW","Sao Tome and Principe","ae7b6e890ab9566cd780afff8935d4cc75e1ba590a40aff9cd7a09bb9678d7e3","185","$1,271 "
"Hector","nec@ipsumPhasellusvitae.edu","77588d9f2a75d8291b0033257de00534484e4fe005bc12cb4fdc9a796283390e","1-358-714-9965","8840 Ante Street","Caramanico Terme","869399","Armenia","aba616b49b6bc1c6d9407558fcd3c8736498a43b30ba8e4f972f58295a17b556","276","$6,252 "
"Cleo","Proin@pedePraesenteu.edu","19b4236bb468db71bb5da4a340f744a18fb9d3037e282950bf32d0f69aca632d","1-124-783-9682","8967 Aliquet Street","Hualqui","8552 RM","Eritrea","d4a2c7f6c83db2e5d38543d1145992757c18d8bfbe26eecc520b48e8fa7e5dd1","666","$6,135 "
"Dorothy","Donec.luctus@Aliquamgravidamauris.org","40f0c9915b372ad24e5e3dd83dc39d979c5f5fe9d95972993a8e6cc6b96af0dc","1-761-733-6883","P.O. Box 934, 4334 Ligula. Rd.","Oberpullendorf","N2 0IK","Tunisia","7bebd2d8348ecc1e0c761a18589930968643385a587f3ebdaaa68bac01652654","830","$4,390 "
"Dennis","eget.metus.In@Duis.org","e09f31b3235f54910e546b1b789ea17ad6a2822d5a8718a5d4388184d616fc13","1-231-536-6468","281-5639 Non, Avenue","Dudley","7068 CE","Sri Lanka","6aa966d4cdc6fc39bc4c772624c734a02d1f9386012fdc1f2371efd9226e32e3","700","$3,346 "
"Jarrod","risus@aliquetPhasellus.co.uk","030971ebcc0c1e751ffb17e406686484bca897a662161b99ded0dde9fcc70963","1-211-590-1819","P.O. Box 532, 3097 Semper St.","Voitsberg","70907","Belarus","27df3c3f755907b6ce72aa0fbfd3dc8570bfc1b18bc2d7a7d5f8cb44ea0eb93b","998","$6,205 "
"Carolyn","tellus.lorem.eu@elitEtiamlaoreet.com","47314be6286d377b504dc3bc5ad41de06f8c48289c1e7667ca823dadfe275d9f","1-376-327-5100","4982 Sagittis St.","Coihueco","50909","Burundi","9dd492a95c556979a7157bdbc2f71f0fefe187136073a30d6f84135f31505a30","119","$4,530 "
"Wallace","ac@auctor.net","b60b47b3d056ea2f71d605fad5297df2a1a9ee59f7d81fcd9f69afb01e466ff6","1-868-368-3118","P.O. Box 682, 5490 Leo. St.","Aschaffenburg","465523","Antarctica","1e8122cde7026152b438b921bead60aae510d366561c2e14ed88d44d162a2c79","895","$3,317 "
"Raymond","Mauris.quis.turpis@egestasrhoncus.com","5116652d416a517c39b5e482ed2db642bb7dbf1800c64c126a6aab1eb94b9128","1-601-342-5507","Ap #886-3556 Quisque Street","Kanchrapara","5699","Botswana","419408889f4c7a6f809ef10136bf4f0130bd622372d540dcd998f4271b872be5","701","$1,648 "
"Berk","magna@vehiculaetrutrum.com","f677277d838e895c889a9797a5054d8a6ce3e3401acd4e4d58f8c8ea2a9643e3","1-615-895-6431","342-3376 Pede. Rd.","Watson Lake","12019","Sierra Leone","4f3a84908332ea9c8916375a9e5f6bc80f58786e868a0363b476081d7d1c4370","770","$2,781 "
"Ora","auctor@at.net","6f6e14dfbe305f3955bd811b2b206c797279e2b459656e8d7ae577fe869f0b7c","1-560-675-1564","Ap #991-3081 Eget Rd.","Sagamu","9851","Norfolk Island","b2a820d14bcdc16bab6f0f9b4a58f504f6e5012325f39ac6a73e7717771cf0f6","581","$8,697 "
"Jessica","Proin@quam.co.uk","7eb2a8bac56c3309ea32ac04097aa8ff3fa05278be92a56e450dfe0589481a35","1-597-368-3570","Ap #978-281 Fermentum Avenue","Dewas","14742","Moldova","16c6545bc916ac5436f84839b2a95f655a74c050c54187e40bd4e2a8834228fb","388","$7,179 "
"Miranda","torquent.per@vestibulum.ca","839aa12ab8619cd5ca3eae6152568cb44a0dce4ffe2d481eefec4d93daaa22ba","1-965-642-7905","2305 Etiam Rd.","Leersum","2467","Norway","3b1b590ce6c340f517aa0e17019a2297179c25914f89b658f2c3e8fdcdb799d4","996","$1,617 "
"Eve","Donec.nibh.Quisque@magnaatortor.net","f830a7fc2617a11fd862b1d4cec5c6a0e7e1bbde75bd34dc6948abf0132bedca","1-569-215-7310","6413 Sed Rd.","Cessnock","MT0 7RR","Tanzania","e54b646d9bcacbec1fbef233a4521d149891b3dcb8e46fafd0268d6269151f08","204","$1,508 "
"Whitney","erat.semper@etrutrum.org","1353c14ee535cdc2676ab98ebe9e6b1eff1b7e1da2c797f37723a42b688e3186","1-650-818-4818","P.O. Box 269, 8030 Mi Avenue","Glastonbury","3857","Greenland","e76d16c774e356f180ed4eb60ef150bdf7749cdb7115ad4cd02ac610b15c09d1","561","$5,608 "
"Xenos","nulla.vulputate.dui@inceptoshymenaeosMauris.net","286763a79640124590b29d2b4bf5d98200914b693987207945655e532094a8db","1-470-979-7747","8395 Velit. Street","Collecchio","53520","Sao Tome and Principe","c9bb786e09d9cd5975a00c8e6990d5be4477bc8e484b8cbf97f36e6f4597726a","533","$7,197 "
"Teegan","mauris.sagittis@odioEtiamligula.edu","683a1aa76cd0af20a4ac5c53f175a2ac716615335ca8b735dccbf18cf20ce92e","1-313-847-7800","623-3674 Sed, St.","Saumur","42495","Honduras","8b26019893583cd0566a4bf6ccd55de3453e22cfd01f115e88a47aba3fdea6ac","391","$5,705 "
"Ori","accumsan@sodalesnisimagna.org","e19330c8efbbeb6f766ace0749438db75f7b417d3a7919bc561bf68e1d369743","1-166-643-0099","183-6905 Nulla. St.","Aschersleben","53501","Holy See (Vatican City State)","ef0b8880231e1415e47d907a2e0ec6d742bd3510d02c6202fc2d38fbf24609fb","851","$2,919 "
"Larissa","ligula@faucibusorciluctus.com","a8650baf70b76afbbbcfe4b8a90af8a4e681148fe69c6dd7648cb3428a49c848","1-366-689-2528","P.O. Box 115, 8497 Cursus Rd.","Watermaal-Bosvoorde","126786","Guernsey","403cc1ca2948edbba3db847889a0a794b3d594c9740b3f16765d3b6a6bafbdc8","188","$3,804 "
"Rama","non.quam@sociis.org","c0d7a3b510d7f42d04b79c3a6f7dd6a063f33c619969cc6e02cdd3a76e1aaea9","1-998-206-4813","Ap #463-3341 Cursus Avenue","Bielefeld","574775","Spain","df20d8cbfa4cea10dac32bbf1fe36502c98a59e5bf134665ba0908ed3c01630c","502","$8,031 "
"Kevin","ornare.lectus.justo@nectempusmauris.ca","e94f62cd0ff6fc433023f2f79a1e22878fddd9fab6a27cfb683efdfb1cb4da0c","1-646-205-8760","Ap #402-901 Ac, St.","Béziers","7645","Jersey","1a85c9a8b94f40954ad40aa851dfd45e0759ecafa735a95bbc857c7a872abe96","411","$6,105 "
"Drake","quam.a.felis@elitNulla.co.uk","5d60aa123c0f72af82e9f3b9a09ea3016715cbca1fd13c435ac16c98b99dce74","1-115-298-9459","5640 Justo. Rd.","Bousval","1181","Martinique","12fcd194159c87825db09300c2e527ceb8b97646d59e371d88c14afacaec7775","602","$2,611 "
"Donna","auctor@ipsum.ca","9b00999cd1ed740491fc7de5529eea8d050eb3655802e1c418e3ae667a942334","1-289-182-0471","9728 Nullam Ave","Lafayette","9806","French Polynesia","b4454b10dd08e4d66051bba60ca5643b2992472a86048b40b4734ef2676c1682","290","$3,726 "
"Prescott","Maecenas@estarcu.org","1112fdaba991efa685e6b745788a84e398138d721ce2e36157711b18846925d3","1-501-154-4013","Ap #945-8876 Et, Rd.","Tribogna","7540","Nicaragua","98da10fb8a2c6907bb92d719f829696dca7db3879b39371e3acc71f92bbdb754","440","$8,050 "
"Ina","vel@Uttinciduntorci.org","cf555c7900dc60be6c3857fd86c0288257580e3eebdb20b1b47d1995a5caa019","1-386-214-6646","9483 Maecenas Street","Appleby","44515","Ireland","f3ca59b0c8651c8a30a8037fe68e21fffee6442801fb1e9b2a1725087fdc2391","917","$8,767 "
"Knox","Nullam.scelerisque.neque@necenim.net","a0b1548b89980040b4cfce11be163e7fb709fa0301d7a6a83e4c6dffc4024ae9","1-796-600-6334","Ap #613-6341 Adipiscing Ave","Smithers","38616","Madagascar","9eaf83d6dab9b0100bdfe190546c2c169598f6fa6f8a60d3a7a153cb05db4e9b","325","$3,271 "
"Brody","et.magnis@semper.co.uk","f082bdfc5d4d23ab277caba2ee79563e7473effef2b4cd748098adaac8bcdbda","1-489-256-8768","P.O. Box 200, 7348 Elementum Rd.","Caen","82375","Jamaica","2a5b6991e907026045022bb4fa01b1f444d302ecf08a07675a4f4e8cfa5af9d8","320","$4,297 "
"Glenna","lacinia.orci.consectetuer@etcommodo.com","14a9f1bf06011a43a55d721209edec705fa00c19c08f17b262b4f9837e068c5a","1-469-768-2327","Ap #334-4749 Justo Street","Crystal Springs","17265","Liberia","7dc26a2775909cff749db19eb70e65588504de8b2914d18219a8387aa9d703d6","444","$3,811 "
"Orson","a.auctor@tinciduntnunc.ca","560363a525def516ae749d57566ef65519d6f046f55b3e185ce3fde0be920ebb","1-512-938-7856","123-1951 Nonummy. Avenue","LamontzŽe","67206","Antigua and Barbuda","5df10f366ec6b8613d5596a51ff7bc7ad8e76414a8e2933ca7e34e834dc9330b","939","$4,087 "
"Ingrid","dolor.sit@eratnonummy.net","ae8b85d04e2917185b3163d8099506820551f32c0059f53674606d0d1f2f9371","1-710-127-4886","512-5672 Diam Av.","Coutisse","86953","Chad","0ca70191c5562aef17257272adefdffe686522e9f7261f52e677195163cf9704","792","$6,552 "
"Aurora","Duis.ac@orcitincidunt.org","de8fd07f4770b03deec018cca64120003952d8e57146a48ce9657ed31549f899","1-171-288-0696","P.O. Box 589, 4216 At, Avenue","Pincher Creek","5032","Mongolia","166da3c8e0befe08b568d3b8361a103506fefb1626d701008adbfb29b690e964","723","$6,769 "
"Garrett","velit.in@justonec.net","9a75b4012e3673520a289697d805cfca46ace31ab448370451c7b4860cf6d466","1-833-784-3277","9678 Cras Avenue","Ballarat","95524","Cyprus","8b2f00d9a7be928f605721e24385dbdab57f532741625db78f521ad5f2f90779","630","$8,288 "
"Kylan","luctus@libero.co.uk","38a637e7a333556d9fa97b356b1816e15a12c3c7fa714ab89513ccea5b897f97","1-196-287-8009","Ap #433-2865 Bibendum Ave","Harlow","95-814","Niue","0f371cb6955300179532a72066c5ed6307a29221a06cbd15e6110ea552bff235","276","$1,623 "
"Azalia","Integer.mollis.Integer@Quisque.co.uk","c4c7a26a66a466a5e07caf7614602ec8e401804a5824ff94a4563c07d44d32bb","1-122-126-4868","P.O. Box 943, 6888 Vehicula St.","Urbe","29093","Cape Verde","3d13e3a3ac1867782067fb8e78b216d93bb5ea3ebb9eddf6e115ca9eb53b199c","482","$2,410 "
"Dara","tempor.bibendum.Donec@convallisest.ca","763f4910a462747edf7a3c42cd851c2b6cf1dce93c7634a4f9000cbd04e5f6c4","1-531-308-8101","9636 Risus. Road","Hamme","6058","Liberia","48255c25ad057aa38c77af0210692355a4235d1355f46e986ed47bff37221ca4","376","$2,765 "
"Tamara","fames.ac.turpis@augueacipsum.org","04e8ef8d849bf2259473718c78f3f7061f7e906f1e758616cfb9d00d870d3ec3","1-769-678-5837","Ap #301-5606 Class Avenue","Turnhout","40808","Korea, North","d3149edca8cf0409a2620b061d2ef2e0b5599b98d7e077845d10403737f8234e","587","$2,395 "
"Xandra","fermentum@blanditmattis.org","8d58bf1493cc089c09d509485ce70ed5930ad959d94af687105a31bce9c987c4","1-596-700-5747","4682 Nunc St.","Fallais","32611","Papua New Guinea","35e1384eaa35a0495779f6ebc0168aabd750b2b4670a9c691da93b56d5f0c641","598","$1,426 "
"Cecilia","convallis.erat@Aenean.com","e9126e95def19861395d5d1c01a6ae6f08181bebf9e8e413b2a02c0ee38f5c6b","1-660-623-0485","422-3978 Et, Av.","Waiuku","M8E 0N3","Jordan","b34dfbac540bf7562899791487975433fdfa8e2fd4d1c2f2981ad0b504d88699","744","$1,459 "
"Jason","Phasellus@nisi.net","479e873e24f5027faf4f7dcc6400c4bbf2672ce32005823091b8cb892bbba2ad","1-124-114-9173","614 Eleifend. St.","South Dum Dum","90953-479","Moldova","607d8befba374e1e1465db3bb8de65a21e68c97175e3431e621e662834f56096","735","$9,783 "
"Isabelle","ullamcorper@semsempererat.org","7898e0e95433095a602610739bdf6ffbdeee8b3bfc09f33dfa5b3472c8d19e67","1-638-785-5558","Ap #381-4180 Eu, Avenue","Juneau","63421","Chad","05a5620b43bb0767bb700f8107a722815c903ecc44593db7ed98096c670f9f99","728","$2,767 "
"Bevis","mollis.dui.in@sitamet.net","36c35da46c3b8e70656faee7a08808fe778199a48f5eb095ba5ac72627289dd0","1-937-470-1014","Ap #428-883 Adipiscing St.","Mildura","482442","Greenland","01ba42c24bfccf8df98d845bf66eae3247d704bf8c0e505410ca8492a393e93a","245","$5,764 "
"Igor","lacinia.at@duiCumsociis.edu","8a172495fb5d45546469abdccffb16411062d68f13f7e52aa3624fe5ffac7351","1-871-654-3034","468 Dolor Rd.","Frascati","18808","Reunion","129a81801ea2baff9c7cdbfdf50fd9d0dece428a6e64f5f5117af511da154f56","850","$5,269 "
"Nerea","fringilla@eu.ca","2f7c8c7ac7919f9fc4a4f683fe36fc98b19f9b366fa398be99328f052cec70bf","1-790-461-5250","Ap #354-2539 Velit Av.","Paglieta","153657","Singapore","7e70de4fe0a8729d517d6f0605870be60828d5f76431efe3ff4ea4ad8261ddd6","561","$8,367 "
"Armand","congue.elit@vel.edu","a39bce2318424c6e1137897f9ff54ba3497c3d2d5f197f9a05c55b05c6615bec","1-517-179-3173","Ap #225-7174 Eu Avenue","Newport News","92090","United Arab Emirates","474279b2ff2489b04c9303a1579f7bb55806b901ee45e449089bb1f581819a6e","909","$7,660 "
"Ciaran","consequat.lectus.sit@tinciduntDonec.co.uk","bb746bef17d0cfb6ebd79b231c46f503495b3a726aca6385137ba82cd166ebdc","1-879-886-9238","2592 Blandit Avenue","Lunel","2874","Peru","b2c0025f024a52d266fb60a7036ce510a6f535aef5c6e2f60065f5c96a8c24db","644","$5,245 "
"Emerson","Nunc.ac@elit.org","78c603336424a716faeaf01ab3ffc3f18fe4a13ef1e0a3332407acd9634f781e","1-227-317-8661","417 Eget, Street","Sint-Renelde Saintes","X2A 6J0","France","ffb556132c52b897ce4d7c9cd8b0e754a149c898297143c0ae330f7a9f4343b6","340","$7,503 "
"Calvin","est.ac.mattis@amet.co.uk","ae3c02bd79176fc01f633a2c800c87154b164db47afa5f1a66d8f884deb8ec02","1-660-582-4622","P.O. Box 636, 9310 Magna. Rd.","Southend","51308","Marshall Islands","5228040cedaf53dedfc18b19b7626f6da7f60bf7b57ca4442d0e3db63e23f3f8","474","$9,541 "
"Benedict","amet@tempus.org","c446aec039a9a7ed32b1a149498bbe31087f4acadf20869a929db2f4525faaa8","1-307-112-2909","8273 Et Street","Jaranwala","3554 JA","Senegal","1e069950bc2cbd4a21923249ee6306adb505928d6fc7f8a4c68ca37a9db9fd1b","493","$1,425 "
"Morgan","Vivamus@gravidasit.edu","19bc815f4d8d60c52b6c941f36874986f8d9c4c9fdea1202252f2537d75cfbf9","1-515-175-6953","P.O. Box 576, 1931 Venenatis Road","Tulita","30-596","Monaco","08d4fecd68b30372d41ce63ce9e0050ae35246baabb5d09c82658a8ce412f0d1","322","$1,678 "
"Daria","enim.Sed@estMauriseu.net","46acf7c655c206bf135f0d7cb6fd90a46e18bf9de166321cbe0c981502e8ed79","1-298-871-6610","518-4718 Sociis Street","Boston","5556","Zimbabwe","bf2383d4745c4db79926f5842948428a4616a737ec2a6044c589c44a18d4b537","858","$8,711 "
"Blaze","accumsan@Donecfelisorci.org","32e80b10591d2466ef5f9e4417c9c0b6533ba43a0e222341705538ad9e31da3a","1-646-517-8378","4783 Ante Ave","Stockton-on-Tees","29422","Saint Vincent and The Grenadines","06a8cba354dde4d87171bf22a57a1428e15344603e933f08de261acfebe7b74b","336","$3,652 "
"Doris","Phasellus@acturpisegestas.edu","e01642a663d3b210264ea1a040efcda50c3f685a17381c833882185f765e456f","1-367-777-0472","Ap #454-3090 Neque Road","Bouffioulx","5671 UQ","Dominica","c246ad68e888739253d1df6ccf4bba776d249e91a407471511ff44075a0f88c6","303","$9,366 "
"Nora","urna.justo.faucibus@tempusloremfringilla.co.uk","84342a58a557348f8482e72e6c56e489d2c71faeaba1d9a15f36e9062ef175d1","1-809-818-8183","504-6190 Amet Avenue","Purranque","M5H 2A5","China","130b7068f8e5ce4803f560d79b03db16e6ec1349f26adb1dcf52488cf1cdd720","831","$2,461 "
"Shea","dictum@ridiculus.com","dd2394f18eee1992819889c02baea7a5ec7b45c6104e3ce9e7a6276c3f67507d","1-497-757-2660","5848 Ut Road","Tiruchirapalli","63229","Greenland","e929c67c0ce531406a2b13c5047665682a59e3b09c97fdee312cf763244045f4","118","$6,057 "
"Joy","quis.pede.Suspendisse@nullaCraseu.net","ecab6c170704d4563356a39abd3685f9b7b12c210f71c901511c53386079bda5","1-224-996-1431","504-7513 Malesuada St.","Branchon","30315","Egypt","702f3a55c6b8b258a4d1aa1ed0972f1bf997ff5ca8de6f6841b2dcc797864563","827","$9,763 "
"Rylee","neque@Cumsociisnatoque.org","b5f705c8bc8384a8e20e9dd673ccdb6d9dda4cc4f747f0e44c02d5659ad14567","1-347-194-8650","983-6087 Eros Avenue","Montague","149","Ecuador","8cb15bb19ddd59e7f26e13da732d212f783e3045c5b8887c9d8b97206da93ceb","481","$1,407 "
"Ayanna","et.magnis@tristiquesenectus.com","9a395cb9ebdb974ef0f7cad63eedb98b32ea9e5fea98e008b859a7d4facae551","1-417-101-1008","P.O. Box 987, 2372 Magna Ave","Mold","L3X 3H3","Côte D'Ivoire (Ivory Coast)","030a918afe7bc9b5f22d27d3feb2b396ee47fb63105dcd1f5fe184242a13c9a8","432","$5,302 "
"Brett","lectus@ametmetus.co.uk","6840cfa0621b6917d38832bf92172034815094ebcad5f41fe1d51fef7e37d8ec","1-527-600-6411","P.O. Box 788, 6820 Ac Avenue","Angleur","568427","Central African Republic","5460077d171ddbe3ba98a1921f9c0f0146d720bf3f8d45832a2a0d8243fdd662","287","$8,764 "
"Fleur","ridiculus.mus.Proin@euenim.net","4e405f02a08a03e6d164d37a20f7b5b6fe3d541a6ff55de4ae81dd99cf601304","1-457-863-0710","Ap #636-7198 Molestie Rd.","Montemignaio","7028","Bulgaria","bbaf6251e3cf7c947430b605c3ab039cb357116407c5e67af6b5998c9131e814","567","$9,098 "
