Name,Email,Password,Phone,Address,City,Zip,Country,CC,CVV,Balance
Genevieve,interdum.feugiat.Sed@consectetuercursuset.co.uk,ZFE95MPF4IZ,1-563-526-9286,Ap #626-2928 Tellus. Street,Stourbridge,80992,Hungary,650 77035 31234 536,990,"$5,978 "
Coby,nascetur.ridiculus@scelerisqueneque.ca,TJK56AAR9FZ,1-848-868-5382,3518 Hymenaeos. Avenue,Ettelgem,84937-768,France,3.76361E+14,524,"$9,644 "
Tallulah,eget@ornareplacerat.edu,LVH17COV6QQ,1-571-356-2551,"P.O. Box 942, 4741 Interdum St.",Lavoir,48853,Bhutan,4716 1908 7364 5762,887,"$2,159 "
Rebekah,Donec.egestas.Aliquam@sollicitudincommodoipsum.edu,ZMU05KRU7OQ,1-469-587-0536,Ap #386-7553 Sed St.,Tredegar,836468,American Samoa,649 24729 87894 675,991,"$1,449 "
Branden,Integer.aliquam@et.org,BYQ30DYL8MR,1-727-986-8958,"P.O. Box 228, 2454 Urna Rd.",Kinross,71204,Cayman Islands,551 27334 96804 580,841,"$4,447 "
Rahim,volutpat.Nulla.dignissim@a.org,DKD51SJF9DD,1-363-740-9097,Ap #683-4934 Luctus Street,Kungälv,6451 KR,Tajikistan,649259 989287 1222,656,"$3,548 "
Nolan,vestibulum.massa@Fuscedolor.ca,XKI20LRK0IH,1-629-297-1680,"P.O. Box 283, 6402 Mauris. Street",Augusta,95650,Barbados,3.73427E+14,984,"$2,292 "
Bryar,elit.Curabitur.sed@nec.com,QXT58RKQ7JY,1-870-204-8200,Ap #661-9936 Arcu St.,Dunbar,50288,Afghanistan,448 55877 08412 335,868,"$5,032 "
Gail,et.malesuada.fames@aliquet.com,EWI40BDM8IY,1-246-506-8338,"P.O. Box 599, 4551 Iaculis Avenue",Villers-Perwin,4595,Tajikistan,6.48032E+15,514,"$8,879 "
Damian,pharetra@Craspellentesque.net,LNJ36KMY7TW,1-211-171-9066,387 Dolor. Av.,North Shore,0651 OB,Haiti,601 16293 50984 142,881,"$6,258 "
Caldwell,metus.Vivamus@ullamcorper.org,HRX20QVI4EM,1-970-181-2729,"P.O. Box 742, 3563 Cursus St.",Murray Bridge,40815,Turkmenistan,3.40224E+14,952,"$2,166 "
Perry,Curabitur.sed.tortor@ornare.com,URB27FVI3XM,1-408-795-3448,"P.O. Box 437, 3281 Eu Rd.",Moulins,P3X 1V1,Portugal,4.55617E+12,276,"$6,097 "
Joan,cursus.non@ac.org,YBN42PQT7LA,1-417-554-9271,Ap #868-5895 Egestas Road,Fraser-Fort George,1680,Belize,649195 5837665239,840,"$6,420 "
Gemma,at.pede.Cras@ultricesmauris.ca,NFD33BYU8OG,1-476-930-0308,248-7577 Mi Av.,Vanderhoof,426795,Brunei,3.47613E+14,630,"$1,960 "
Nerea,nibh.sit@arcu.ca,IJF35GEO2LR,1-455-848-6161,"P.O. Box 306, 8301 Erat. Av.",Avise,7695,Andorra,6.48561E+15,890,"$4,190 "
Ferdinand,interdum.libero.dui@lacus.net,WRO37SXK6DJ,1-516-975-4346,"P.O. Box 488, 3076 Et, Av.",Ville-en-Hesbaye,9152,Maldives,601135 813296 5266,307,"$8,827 "
Hanae,vestibulum@Proineget.ca,ZTJ23IAN8HW,1-364-248-8463,611-5805 Blandit St.,Bocchigliero,70314,Czech Republic,4.53259E+12,142,"$5,931 "
Walter,Donec@rhoncusidmollis.com,XPE48WIH7XS,1-707-545-6588,330-7153 Leo Avenue,Schellebelle,5682,Bhutan,453233 3886387483,707,"$7,916 "
Acton,cursus@Nulla.net,ZUX75TIQ2IQ,1-807-527-4643,2584 Donec Street,Camaragibe,51-922,Mauritania,4.53254E+12,309,"$8,835 "
Galena,mi@egestasblanditNam.com,SGN06IFS5DA,1-955-504-2661,"P.O. Box 294, 3923 Lobortis Street",Auburn,11202,Curaçao,646212 435982 9237,210,"$8,904 "
Abra,dictum.eu@ornarelectus.ca,UVP13KIM6KQ,1-238-738-9806,4699 Ornare Rd.,Warwick,36785,Romania,544 68256 94565 616,120,"$8,472 "
Peter,commodo@ipsumprimis.net,HGV43ZHQ3DS,1-676-525-2682,"P.O. Box 379, 3724 Sed Rd.",Limbach-Oberfrohna,D8 3JA,Wallis and Futuna,3.74507E+14,459,"$5,154 "
Barrett,dignissim@magnisdis.net,TYY79MOL4WT,1-821-557-8498,"P.O. Box 937, 7185 Praesent Rd.",Blankenberge,M9X 8M7,Nauru,4.53965E+12,172,"$9,938 "
Hakeem,Mauris@ante.co.uk,PLL30IOG8II,1-598-975-4930,3832 Donec Ave,Nanterre,905931,Portugal,4024 0071 9872 3867,865,"$7,287 "
Carlos,ante@sagittis.co.uk,AJB16YSK0BE,1-645-732-4430,652-4687 Egestas. Avenue,Bella,K8B 8Y8,Andorra,3.4982E+14,738,"$8,266 "
Darryl,risus@malesuada.net,KOT07LDF5WZ,1-307-319-5233,8320 Parturient St.,Paraíso,3505,South Africa,533760 711141 4038,621,"$4,606 "
Tobias,risus.at.fringilla@cubiliaCuraeDonec.com,RRD94CCS4FO,1-388-367-7778,Ap #555-6166 Luctus St.,Sissa,938130,Zimbabwe,3.77849E+14,915,"$6,135 "
Samuel,congue@Donecegestas.edu,QXH41CIG5YV,1-965-233-0646,224-7185 Sed Road,Krems an der Donau,1151,Mayotte,535 98120 65674 545,792,"$9,819 "
Benjamin,Morbi.vehicula@dignissimMaecenasornare.ca,OWD46XDJ7VY,1-750-716-4413,773-6981 Magna. Rd.,Bowden,13224,South Africa,402400 7144959599,760,"$9,806 "
Bevis,in@egetodio.co.uk,RFI47VBD3QG,1-359-779-8078,1963 Dapibus St.,Adana,81-490,Bulgaria,530253 9555645986,860,"$5,932 "
Haley,vitae.velit.egestas@eunullaat.co.uk,JRZ90PHA6OF,1-992-254-7284,"P.O. Box 375, 928 Magna, Ave",Laval,42040,Cape Verde,525 52069 48528 926,286,"$4,434 "
Mechelle,nibh@etmalesuada.org,XTT05YOP1TY,1-310-177-7517,"P.O. Box 759, 2677 Tellus. Avenue",Montecarotto,EK5 8ET,Iraq,6455 0353 7598 5358,844,"$3,204 "
Caesar,sem.Pellentesque.ut@sit.net,IYT97BZF3NV,1-162-809-8475,Ap #268-1751 Vitae Road,Hartford,3230,Myanmar,653614 6118400002,229,"$7,539 "
Shaine,egestas.Duis@velit.org,DDA54MDO9VL,1-853-736-6580,"P.O. Box 522, 7945 Risus Street",Calais,I22 0QX,Guinea,646624 279020 9342,841,"$7,180 "
Willow,a.odio.semper@scelerisque.com,PDS45LUZ3RN,1-173-262-0563,"347-8958 Urna, Rd.",La Baie,0497 IN,Romania,4.53977E+15,704,"$4,492 "
Maxine,malesuada.fames.ac@imperdietnon.co.uk,RUY08FOK6FF,1-813-995-8664,"P.O. Box 482, 170 Lorem Rd.",Ferlach,69091-462,French Polynesia,4.71643E+12,862,"$8,686 "
Stuart,enim.mi@scelerisque.com,ETI45WLJ3KK,1-602-305-4386,222-613 Mauris Rd.,Haren,G1Y 8P3,Cocos (Keeling) Islands,5.50399E+15,705,"$8,382 "
Dean,neque@dolorsitamet.net,HBJ99CCY0EX,1-117-937-7530,"P.O. Box 698, 4216 Gravida. Avenue",Kieldrecht,7085,Chile,3474 457138 28696,478,"$3,191 "
Ethan,dui.in@faucibus.edu,QRO48PMU7SK,1-954-471-3951,Ap #736-7881 Enim Ave,Bayonne,7533 AB,Albania,3487 297321 60200,192,"$1,317 "
Demetrius,massa@Nunclaoreetlectus.edu,WGB32CKF2FQ,1-222-248-8419,Ap #588-7401 Faucibus Rd.,Ceppaloni,34251,Kenya,648579 528388 6683,445,"$8,420 "
Madeline,eu.tellus.eu@pharetrased.org,CWS41TTU3OF,1-587-464-0121,"P.O. Box 413, 4387 Phasellus Ave",Covington,612808,Maldives,4929 2745 4645 6576,839,"$9,935 "
Kristen,Cras.interdum@sapien.co.uk,VJI19QQE1KQ,1-828-314-7490,184-3101 Egestas Street,Lerum,8143 RW,Sao Tome and Principe,3490 515312 55027,185,"$1,271 "
Hector,nec@ipsumPhasellusvitae.edu,FRQ82DKU4ET,1-358-714-9965,8840 Ante Street,Caramanico Terme,869399,Armenia,601178 5751232653,276,"$6,252 "
Cleo,Proin@pedePraesenteu.edu,BAQ16XGO7VF,1-124-783-9682,8967 Aliquet Street,Hualqui,8552 RM,Eritrea,3.73065E+14,666,"$6,135 "
Dorothy,Donec.luctus@Aliquamgravidamauris.org,VJV92UOU0GP,1-761-733-6883,"P.O. Box 934, 4334 Ligula. Rd.",Oberpullendorf,N2 0IK,Tunisia,3405 435022 93366,830,"$4,390 "
Dennis,eget.metus.In@Duis.org,BMQ42JLP7EX,1-231-536-6468,"281-5639 Non, Avenue",Dudley,7068 CE,Sri Lanka,3.46208E+14,700,"$3,346 "
Jarrod,risus@aliquetPhasellus.co.uk,EVA70LXB2RC,1-211-590-1819,"P.O. Box 532, 3097 Semper St.",Voitsberg,70907,Belarus,538643 115113 6264,998,"$6,205 "
Carolyn,tellus.lorem.eu@elitEtiamlaoreet.com,QLD22QLO9GM,1-376-327-5100,4982 Sagittis St.,Coihueco,50909,Burundi,6.45075E+15,119,"$4,530 "
Wallace,ac@auctor.net,DKO91EAW1CZ,1-868-368-3118,"P.O. Box 682, 5490 Leo. St.",Aschaffenburg,465523,Antarctica,646 96253 81215 966,895,"$3,317 "
Raymond,Mauris.quis.turpis@egestasrhoncus.com,NPG52UZV4RN,1-601-342-5507,Ap #886-3556 Quisque Street,Kanchrapara,5699,Botswana,4.92903E+15,701,"$1,648 "
Berk,magna@vehiculaetrutrum.com,ULF90YRW7HM,1-615-895-6431,342-3376 Pede. Rd.,Watson Lake,12019,Sierra Leone,3432 075021 55143,770,"$2,781 "
Ora,auctor@at.net,JUQ82QCK6UO,1-560-675-1564,Ap #991-3081 Eget Rd.,Sagamu,9851,Norfolk Island,4929 952 68 9202,581,"$8,697 "
Jessica,Proin@quam.co.uk,IOP15HJC1SP,1-597-368-3570,Ap #978-281 Fermentum Avenue,Dewas,14742,Moldova,6443 4303 1498 2076,388,"$7,179 "
Miranda,torquent.per@vestibulum.ca,GDU16XLZ3NV,1-965-642-7905,2305 Etiam Rd.,Leersum,2467,Norway,5.34476E+15,996,"$1,617 "
Eve,Donec.nibh.Quisque@magnaatortor.net,CWX74JYX2WJ,1-569-215-7310,6413 Sed Rd.,Cessnock,MT0 7RR,Tanzania,5.39154E+15,204,"$1,508 "
Whitney,erat.semper@etrutrum.org,VTW71THD5RG,1-650-818-4818,"P.O. Box 269, 8030 Mi Avenue",Glastonbury,3857,Greenland,3.43916E+14,561,"$5,608 "
Xenos,nulla.vulputate.dui@inceptoshymenaeosMauris.net,TSO24SKR9VJ,1-470-979-7747,8395 Velit. Street,Collecchio,53520,Sao Tome and Principe,3.42212E+14,533,"$7,197 "
Teegan,mauris.sagittis@odioEtiamligula.edu,QWP90MNX4GN,1-313-847-7800,"623-3674 Sed, St.",Saumur,42495,Honduras,3468 843020 88158,391,"$5,705 "
Ori,accumsan@sodalesnisimagna.org,IMM31QVV8XU,1-166-643-0099,183-6905 Nulla. St.,Aschersleben,53501,Holy See (Vatican City State),5.53115E+15,851,"$2,919 "
Larissa,ligula@faucibusorciluctus.com,FJV79XYK6EJ,1-366-689-2528,"P.O. Box 115, 8497 Cursus Rd.",Watermaal-Bosvoorde,126786,Guernsey,3.70082E+14,188,"$3,804 "
Rama,non.quam@sociis.org,BBK51BTF3UB,1-998-206-4813,Ap #463-3341 Cursus Avenue,Bielefeld,574775,Spain,453941 831612 8939,502,"$8,031 "
Kevin,ornare.lectus.justo@nectempusmauris.ca,OQM23EZP6OU,1-646-205-8760,"Ap #402-901 Ac, St.",Béziers,7645,Jersey,5.40083E+15,411,"$6,105 "
Drake,quam.a.felis@elitNulla.co.uk,LTE98IFF9BY,1-115-298-9459,5640 Justo. Rd.,Bousval,1181,Martinique,601160 5368215984,602,"$2,611 "
Donna,auctor@ipsum.ca,KMW09ZVV9IU,1-289-182-0471,9728 Nullam Ave,Lafayette,9806,French Polynesia,644 75543 19618 827,290,"$3,726 "
Prescott,Maecenas@estarcu.org,UQJ73JAJ5IG,1-501-154-4013,"Ap #945-8876 Et, Rd.",Tribogna,7540,Nicaragua,4.53288E+12,440,"$8,050 "
Ina,vel@Uttinciduntorci.org,UIJ34OIT7XF,1-386-214-6646,9483 Maecenas Street,Appleby,44515,Ireland,3455 594907 08046,917,"$8,767 "
Knox,Nullam.scelerisque.neque@necenim.net,AWF19VMO9DM,1-796-600-6334,Ap #613-6341 Adipiscing Ave,Smithers,38616,Madagascar,4556 039 12 9793,325,"$3,271 "
Brody,et.magnis@semper.co.uk,OUQ33LJG5JP,1-489-256-8768,"P.O. Box 200, 7348 Elementum Rd.",Caen,82375,Jamaica,402 40071 18576 403,320,"$4,297 "
Glenna,lacinia.orci.consectetuer@etcommodo.com,PPK16BLR7DJ,1-469-768-2327,Ap #334-4749 Justo Street,Crystal Springs,17265,Liberia,4.40119E+15,444,"$3,811 "
Orson,a.auctor@tinciduntnunc.ca,LBP13PLY8FE,1-512-938-7856,123-1951 Nonummy. Avenue,LamontzŽe,67206,Antigua and Barbuda,644 65823 17214 035,939,"$4,087 "
Ingrid,dolor.sit@eratnonummy.net,MHC39IFB5EV,1-710-127-4886,512-5672 Diam Av.,Coutisse,86953,Chad,645 38410 81546 703,792,"$6,552 "
Aurora,Duis.ac@orcitincidunt.org,PQW40UAV3SR,1-171-288-0696,"P.O. Box 589, 4216 At, Avenue",Pincher Creek,5032,Mongolia,3.79149E+14,723,"$6,769 "
Garrett,velit.in@justonec.net,ERJ43PXX7XA,1-833-784-3277,9678 Cras Avenue,Ballarat,95524,Cyprus,4.53925E+12,630,"$8,288 "
Kylan,luctus@libero.co.uk,ULV99NQF6GW,1-196-287-8009,Ap #433-2865 Bibendum Ave,Harlow,95-814,Niue,4.71672E+12,276,"$1,623 "
Azalia,Integer.mollis.Integer@Quisque.co.uk,MPA73BHC0YR,1-122-126-4868,"P.O. Box 943, 6888 Vehicula St.",Urbe,29093,Cape Verde,3460 823187 76052,482,"$2,410 "
Dara,tempor.bibendum.Donec@convallisest.ca,OBJ48EUY0CF,1-531-308-8101,9636 Risus. Road,Hamme,6058,Liberia,3.44513E+14,376,"$2,765 "
Tamara,fames.ac.turpis@augueacipsum.org,TVV00FUJ4ML,1-769-678-5837,Ap #301-5606 Class Avenue,Turnhout,40808,"Korea, North",547 99689 56564 313,587,"$2,395 "
Xandra,fermentum@blanditmattis.org,JIE10IWM0VB,1-596-700-5747,4682 Nunc St.,Fallais,32611,Papua New Guinea,4929 7795 0856 8663,598,"$1,426 "
Cecilia,convallis.erat@Aenean.com,TOM35UVX6HI,1-660-623-0485,"422-3978 Et, Av.",Waiuku,M8E 0N3,Jordan,511 28995 52692 971,744,"$1,459 "
Jason,Phasellus@nisi.net,HFV77SQA7VV,1-124-114-9173,614 Eleifend. St.,South Dum Dum,90953-479,Moldova,4.53933E+12,735,"$9,783 "
Isabelle,ullamcorper@semsempererat.org,WYP13AYK5BF,1-638-785-5558,"Ap #381-4180 Eu, Avenue",Juneau,63421,Chad,4.91677E+15,728,"$2,767 "
Bevis,mollis.dui.in@sitamet.net,KES04GTK6BY,1-937-470-1014,Ap #428-883 Adipiscing St.,Mildura,482442,Greenland,3474 653831 90482,245,"$5,764 "
Igor,lacinia.at@duiCumsociis.edu,CHF86AKJ8PG,1-871-654-3034,468 Dolor Rd.,Frascati,18808,Reunion,518346 630849 9715,850,"$5,269 "
Nerea,fringilla@eu.ca,YLU84DWS0CP,1-790-461-5250,Ap #354-2539 Velit Av.,Paglieta,153657,Singapore,6.01195E+15,561,"$8,367 "
Armand,congue.elit@vel.edu,JHJ10PBZ5RS,1-517-179-3173,Ap #225-7174 Eu Avenue,Newport News,92090,United Arab Emirates,646948 8893812063,909,"$7,660 "
Ciaran,consequat.lectus.sit@tinciduntDonec.co.uk,XEX94UGT3WX,1-879-886-9238,2592 Blandit Avenue,Lunel,2874,Peru,4.53927E+12,644,"$5,245 "
Emerson,Nunc.ac@elit.org,VGF66UBQ2KF,1-227-317-8661,"417 Eget, Street",Sint-Renelde Saintes,X2A 6J0,France,647885 4227894565,340,"$7,503 "
Calvin,est.ac.mattis@amet.co.uk,TDJ07AXB2IU,1-660-582-4622,"P.O. Box 636, 9310 Magna. Rd.",Southend,51308,Marshall Islands,3455 891220 41086,474,"$9,541 "
Benedict,amet@tempus.org,EVO28CBP0BO,1-307-112-2909,8273 Et Street,Jaranwala,3554 JA,Senegal,531 55168 82642 055,493,"$1,425 "
Morgan,Vivamus@gravidasit.edu,UMV66FCL3DN,1-515-175-6953,"P.O. Box 576, 1931 Venenatis Road",Tulita,30-596,Monaco,3749 361455 76487,322,"$1,678 "
Daria,enim.Sed@estMauriseu.net,FKL82EDQ7JJ,1-298-871-6610,518-4718 Sociis Street,Boston,5556,Zimbabwe,402400 710319 6555,858,"$8,711 "
Blaze,accumsan@Donecfelisorci.org,TXY56ZCV5CA,1-646-517-8378,4783 Ante Ave,Stockton-on-Tees,29422,Saint Vincent and The Grenadines,659573 6117228053,336,"$3,652 "
Doris,Phasellus@acturpisegestas.edu,ZBJ59OVX3WC,1-367-777-0472,Ap #454-3090 Neque Road,Bouffioulx,5671 UQ,Dominica,4.48592E+12,303,"$9,366 "
Nora,urna.justo.faucibus@tempusloremfringilla.co.uk,BKS76NBP1GZ,1-809-818-8183,504-6190 Amet Avenue,Purranque,M5H 2A5,China,3497 427852 88785,831,"$2,461 "
Shea,dictum@ridiculus.com,NVJ96YCT7CL,1-497-757-2660,5848 Ut Road,Tiruchirapalli,63229,Greenland,453997 085927 9578,118,"$6,057 "
Joy,quis.pede.Suspendisse@nullaCraseu.net,JHO50ZNN3FA,1-224-996-1431,504-7513 Malesuada St.,Branchon,30315,Egypt,402400 7125337161,827,"$9,763 "
Rylee,neque@Cumsociisnatoque.org,HZF59UDL8VT,1-347-194-8650,983-6087 Eros Avenue,Montague,149,Ecuador,534073 5377116453,481,"$1,407 "
Ayanna,et.magnis@tristiquesenectus.com,LHE94STS1NB,1-417-101-1008,"P.O. Box 987, 2372 Magna Ave",Mold,L3X 3H3,Côte D'Ivoire (Ivory Coast),448 56459 69267 572,432,"$5,302 "
Brett,lectus@ametmetus.co.uk,ZBV41XLJ4DT,1-527-600-6411,"P.O. Box 788, 6820 Ac Avenue",Angleur,568427,Central African Republic,6.45497E+15,287,"$8,764 "
Fleur,ridiculus.mus.Proin@euenim.net,UGZ00PHR3DL,1-457-863-0710,Ap #636-7198 Molestie Rd.,Montemignaio,7028,Bulgaria,3753 695896 48852,567,"$9,098 "
